name,category
ekwateur,"Environnement / Développement durable, SocialTech / GreenTech, Économie collaborative"
lonlay-&-associés,Paris
cameo-energy,Environnement / Développement durable
phantombuster,"AdTech  / MarTech, Big Data, Digital Marketing / Data Marketing"
doctoconsult,Santé
webforce3,"EdTech, Formation, IT / Digital"
easymovie,"Média, SaaS / Cloud Services, Télévision / Production audiovisuelle"
lepermislibre,"EdTech, Formation, IT / Digital"
doctrine,"Big Data, SaaS / Cloud Services, Service juridique"
cognizant-consulting,"Organisation / Management, Stratégie, Transformation"
jolimoi,"Cosmétique, E-commerce"
artur'in,"AdTech  / MarTech, Marketing / Communication, SaaS / Cloud Services"
jolicode,"Formation, IT / Digital"
ouihelp,"Santé, Services à la personne"
chandago,"Blockchain, IT / Digital"
weglot,"IT / Digital, Logiciels, SaaS / Cloud Services"
gusté,"Luxe, Restauration"
sogelink,"Application mobile, Bâtiment / Travaux publics, IT / Digital"
levanti,"Finance, Transformation"
studio-caramia,"Digital, Logiciels"
yoobic,"Application mobile, IT / Digital"
boost.rs,"Big Data, IT / Digital, Stratégie"
culinaries,"Paris, Lyon, Paris 11"
nickel,FinTech / InsurTech
custeed,IT / Digital
agorastore,E-commerce
maeva.com,"Hôtellerie, Tourisme"
farmitoo,E-commerce
meetic,Application mobile
baya,"E-commerce, Loisirs, Sport"
permettez-moi-de-construire,"Bâtiment / Travaux publics, IT / Digital"
valtech,"IT / Digital, Transformation"
linkbynet,IT / Digital
data-impact,"Big Data, E-commerce"
smart-adserver,AdTech  / MarTech
livi,"Application mobile, Santé, Services à la personne"
strammer,"Organisation / Management, Recrutement"
s.t.-dupont,Luxe
unami,"IT / Digital, Marketing / Communication"
nextmind,"Intelligence artificielle / Machine Learning, Jeux vidéos"
aqua-by,"Art de vivre, Sport"
humancraft,IT / Digital
dresswing,"E-commerce, Mode"
opendatasoft,"Big Data, SaaS / Cloud Services"
malt,Recrutement
fluksaqua,"Big Data, Environnement / Développement durable"
dan-paris,"IT / Digital, Marketing / Communication"
mydiabby-healthcare,Santé
carizy,"Application mobile, Automobile, E-commerce"
feed-manager,"Digital Marketing / Data Marketing, E-commerce, Marketing / Communication"
datawords,"AdTech  / MarTech, Digital, Marketing / Communication"
synktory,Logiciels
the-full-room,"Design, E-commerce, Économie collaborative"
dreem,"Art de vivre, Objets connectés, Santé"
asphalte,"E-commerce, Mode"
les-jardins-du-marais,"Hôtellerie, Luxe, Restauration"
facelift-france,"AdTech  / MarTech, Marketing / Communication"
upflow,FinTech / InsurTech
leciseau,"Art de vivre, E-commerce"
global-savings-group,"AdTech  / MarTech, E-commerce, IT / Digital"
mindee,"Intelligence artificielle / Machine Learning, Logiciels, SaaS / Cloud Services"
maison-plisson,"E-commerce, Epicerie fine, Restauration"
atawa,"Evénementiel, Logistique, Organisation / Management"
yves-rocher,"Art de vivre, Cosmétique, Mode"
biocodex,Santé
intersec-group,"Big Data, Logiciels"
wild-code-school,"Education, Formation"
imagination-machine,"Environnement / Développement durable, IT / Digital"
d2si,"IT / Digital, SaaS / Cloud Services"
amuse,"Big Data, IT / Digital, Média"
wopilo,"Art de vivre, E-commerce"
les-plaisirs-fruités,"Art de vivre, Epicerie fine"
karetis,"Big Data, Incubateur / Accélérateur, Organisation / Management"
médicis-immobilier-neuf,"Immobilier commercial, Immobilier particulier"
tactill,"Application mobile, Objets connectés"
stootie,"Application mobile, Économie collaborative"
foodvisor,"Application mobile, FoodTech, Santé"
deafi,"Application mobile, Services à la personne"
house-of-beer,"Grande consommation, Restauration"
wishibam,"Application mobile, Mode"
akoustic-arts,"Intelligence artificielle / Machine Learning, Musique, Objets connectés"
trustpair,"Big Data, FinTech / InsurTech"
avb,"Santé, Transformation"
o'clock,"Education, Formation, IT / Digital"
talisker,"Organisation / Management, Stratégie"
wine-services,"Boissons, Luxe, Stratégie"
cloudreach,"IT / Digital, SaaS / Cloud Services"
fastory,"AdTech  / MarTech, Big Data, Digital, SaaS / Cloud Services"
stilla-technologies,"Pharmaceutique / Biotechechnologique, Santé"
j.-milliet,"Boissons, Distribution sélective, Logistique"
margo,"IT / Digital, Logiciels"
iadvize,"E-commerce, IT / Digital, Économie collaborative"
mangopay,"FinTech / InsurTech, Logiciels, Économie collaborative"
deliver.ee,"Logistique, SaaS / Cloud Services, Transports maritime et routier"
mobiskill,Recrutement
ovalo,"Big Data, IT / Digital"
adyoulike,"AdTech  / MarTech, Big Data, Publicité"
lexbase,"Big Data, IT / Digital, Service juridique"
hotel-du-collectionneur,"Hôtellerie, Luxe"
april,"Assurance, Big Data, Logiciels"
good-goût,"Epicerie fine, Grande consommation"
supertripper,Tourisme
critizr,Big Data
nossa-fruits,"Environnement / Développement durable, Grande consommation, Restauration"
fyte,"Recrutement, Ressources humaines"
foxintelligence,"Application mobile, Big Data, Stratégie"
la-ruche-qui-dit-oui-!,"FoodTech, Économie collaborative"
proprioo,Immobilier particulier
elinoï,"Logiciels, Recrutement"
edzo,"Intelligence artificielle / Machine Learning, Organisation / Management"
hemblem,"Application mobile, Digital, Marketing / Communication"
o'barbershop,Cosmétique
galadrim,"IT / Digital, Logiciels"
crisp,"IT / Digital, SaaS / Cloud Services"
kobus-tech,"SaaS / Cloud Services, Santé"
eleven-labs,"Audit, IT / Digital, Logiciels"
mollie,E-commerce
music-work,"Marketing / Communication, Musique"
connecting-food,"Big Data, FoodTech, Grande consommation, Restauration"
ayolab,"Big Data, IT / Digital, Stratégie"
365talents,"Big Data, Intelligence artificielle / Machine Learning"
ecritel,"IT / Digital, SaaS / Cloud Services"
la-pause-baskets,"Art de vivre, Organisation / Management"
ysé,"E-commerce, Luxe, Mode"
withings,Objets connectés
autobiz,"Automobile, Big Data, Digital Marketing / Data Marketing, Mobilité"
manners,"IT / Digital, Recrutement"
shapr,Application mobile
idemia,"Cybersécurité, Objets connectés"
napoléon-agency,Design
vp&white,IT / Digital
whaller,"AdTech  / MarTech, Application mobile, SaaS / Cloud Services"
gwapit,"Application mobile, Intelligence artificielle / Machine Learning"
les-fils-à-maman,Restauration
staffmatch,Recrutement
bonial,"Application mobile, Grande consommation, Marketing / Communication"
citadium,Mode
ikimo9.com,Immobilier particulier
unknowns,"Design, Digital Marketing / Data Marketing, IT / Digital"
le-fooding,"Edition, Presse écrite, Restauration"
usbek-&-rica,"Edition, Média"
symaps.io,"Big Data, Immobilier commercial, Intelligence artificielle / Machine Learning"
wellio,"Immobilier commercial, Organisation / Management"
birchbox,"Cosmétique, E-commerce"
kameleoon,"Big Data, SaaS / Cloud Services"
proman,Recrutement
lyde-conseil,"Mobilité, Organisation / Management, Stratégie"
bengs,"Organisation / Management, Stratégie, Transformation"
seabird,"Assurance, Stratégie, Transformation"
alenvi,"Santé, Services à la personne"
cowash,"Application mobile, Services à la personne, Économie collaborative"
lifen,"Logiciels, Santé"
mc²i-groupe,"IT / Digital, Transformation"
dauchez-1810,Immobilier particulier
wezen,Big Data
label-experience,Design
stormz,"Application mobile, Économie collaborative"
scalia,"Big Data, E-commerce"
watt-&-well,"Aéronautique / Spatiale, Electronique / Télécommunications"
umantic-groupe-quodagis,"Electronique / Télécommunications, IT / Digital"
agyla,SaaS / Cloud Services
keldoc,"Logiciels, Santé, Services à la personne"
groupement-les-mousquetaires,Grande consommation
studapart,Immobilier particulier
agence79,"AdTech  / MarTech, Digital, Marketing / Communication, Relations publiques"
thecodingmachine,"Application mobile, IT / Digital"
bluecargo,"Intelligence artificielle / Machine Learning, Logistique, Transports maritime et routier"
papier-tigre,"Design, E-commerce"
tastycloud,"Application mobile, FoodTech"
homly-you,"Bâtiment / Travaux publics, Immobilier particulier, SaaS / Cloud Services"
follow,"Digital, Marketing / Communication"
livy,"Luxe, Mode"
storefront,"Immobilier commercial, Mode"
digi-paye,"Ressources humaines, SaaS / Cloud Services"
link-media-group,"AdTech  / MarTech, Marketing / Communication, Média"
fizzer,"Application mobile, Loisirs, Tourisme"
pérenne’it,IT / Digital
cocolabs,"E-commerce, IT / Digital"
dolist,"AdTech  / MarTech, Marketing / Communication, SaaS / Cloud Services"
ouistock,"E-commerce, Immobilier particulier, Économie collaborative"
euris,"Big Data, IT / Digital, Logiciels, SaaS / Cloud Services, Santé"
qualitadd,"Big Data, Cybersécurité, SaaS / Cloud Services"
mozoo,"AdTech  / MarTech, Marketing / Communication, Publicité"
chic-des-plantes,Epicerie fine
estimation-média,Marketing / Communication
gourmet-food-france,"E-commerce, FoodTech, Grande consommation"
eulerian-technologies,"Big Data, Digital Marketing / Data Marketing"
chateauform',Evénementiel
infhotep,"IT / Digital, Organisation / Management, Transformation"
furet-company,Application mobile
karoo,"IT / Digital, Stratégie"
osaxis,"IT / Digital, Logiciels"
badakan,"Application mobile, FoodTech, Restauration"
eventmaker,"AdTech  / MarTech, Evénementiel, SaaS / Cloud Services"
youlovewords,"Digital, Marketing / Communication, Stratégie"
eurostaff-group,Recrutement
wingly,"Application mobile, Loisirs, Économie collaborative"
blueanchor.io,"Digital, Formation, IT / Digital"
linkshor,"Marketing / Communication, Stratégie"
galeries-lafayette,"E-commerce, Mode"
actradis.fr,"IT / Digital, Économie collaborative"
zéro-gâchis,"Environnement / Développement durable, FoodTech, SocialTech / GreenTech"
quimeo,"IT / Digital, Logiciels, Organisation / Management"
everyday-content,"Marketing / Communication, Publicité, Stratégie"
alveus,Education
iskn,"Application mobile, Objets connectés"
ringover-group,"Electronique / Télécommunications, SaaS / Cloud Services"
printemps,"Cosmétique, Luxe, Mode"
powerspace,"AdTech  / MarTech, Digital Marketing / Data Marketing"
vita-coco,"Art de vivre, Grande consommation"
weave,"Digital Marketing / Data Marketing, Organisation / Management, Stratégie, Transformation"
playplay,SaaS / Cloud Services
+simple.fr,"Assurance, FinTech / InsurTech"
budget-insight,"Big Data, Finance, Transformation"
wattsense,"Immobilier commercial, Objets connectés"
advizeo,"Energie, Objets connectés"
sphères,"Design, Stratégie"
sowefund,"FinTech / InsurTech, Finance"
canard-&-cie,"Digital, Marketing / Communication, Publicité"
needhelp,"IT / Digital, Services à la personne"
formi,"Santé, Sport"
qapa,Application mobile
emerton,"Big Data, Digital Marketing / Data Marketing, Stratégie, Transformation"
paris-cola,Restauration
allurion-technologies,Santé
abe,"Application mobile, Design, Marketing / Communication"
simundia,"Formation, Organisation / Management, Ressources humaines"
jooxter,"Application mobile, Objets connectés, SaaS / Cloud Services"
devoteam-g-cloud,"Big Data, Digital, Transformation"
margo-bank,"Banque, FinTech / InsurTech"
zelros,"Assurance, Intelligence artificielle / Machine Learning"
coinhouse,FinTech / InsurTech
germinal,Digital Marketing / Data Marketing
hast,"E-commerce, Mode"
f.-iniciativas,"Organisation / Management, Stratégie"
qonto,FinTech / InsurTech
trustinsoft,Logiciels
m6-publicité,Publicité
flexybeauty,"Cosmétique, SaaS / Cloud Services"
nocrm.io,"IT / Digital, Logiciels, SaaS / Cloud Services"
fleux,"Art de vivre, E-commerce, Luxe"
oodrive,"Big Data, Logiciels, SaaS / Cloud Services"
agendize,"Application mobile, IT / Digital"
ssa-afyneo,"Audit, Organisation / Management, Stratégie, Transformation"
weeby,"E-commerce, IT / Digital"
firstage,"Marketing / Communication, Publicité, Télévision / Production audiovisuelle"
shine,"Application mobile, FinTech / InsurTech"
waykonect,"Automobile, Logiciels"
netdevices,Application mobile
heetch,"Application mobile, Mobilité"
parkopoly,"Automobile, Mobilité"
impala,"Education, Formation"
gatling,"IT / Digital, Logiciels"
welcome-to-the-jungle,"Média, Recrutement"
klanik,"Formation, IT / Digital, Logiciels"
saagie,"Big Data, IT / Digital, Intelligence artificielle / Machine Learning"
notilo-plus,"Big Data, Objets connectés, Robotique"
collector-square,"E-commerce, Joaillerie, Luxe, Mode"
cubyn,"Logistique, Mobilité, SaaS / Cloud Services"
ditto-bank,"Application mobile, Banque"
zcomme,"Marketing / Communication, Ressources humaines"
groupe-enps---webdentiste,"Publicité, Santé"
waycom,Electronique / Télécommunications
onogone,"Application mobile, Digital, Intelligence artificielle / Machine Learning"
influence4you,"Digital, Marketing / Communication, Publicité"
lyreco,E-commerce
sancare,"Big Data, Santé"
imfusio,Transformation
assoconnect,"Logiciels, Social / Associatif"
dracula-technologies,"Energie, Environnement / Développement durable, Objets connectés"
nexeo-groupe,"Banque, Cybersécurité, IT / Digital"
formetris,"Formation, SaaS / Cloud Services"
believe,Musique
seald,"IT / Digital, Logiciels"
neo-nomade,"Application mobile, Immobilier commercial"
dawex,"Big Data, SaaS / Cloud Services"
mappy,"Mobilité, SaaS / Cloud Services"
retailmenot,"E-commerce, Marketing / Communication"
qucit,"Big Data, IT / Digital, Mobilité"
ideagency,"Digital, Digital Marketing / Data Marketing, Stratégie"
learning-tribes,"Formation, Organisation / Management"
pw-consultants,"Organisation / Management, Stratégie"
anaxago,"FinTech / InsurTech, Finance"
synechron-france,"IT / Digital, Transformation"
groupe-canal+,"Publicité, Sport, Télévision / Production audiovisuelle"
mistertemp',Recrutement
zenpark,"Application mobile, Mobilité, Économie collaborative"
fluicity,"Application mobile, Social / Associatif, SocialTech / GreenTech"
traveldoo,"Logiciels, Tourisme"
loisirs-enchères,"E-commerce, Loisirs, Tourisme"
sandro,Mode
taste-distribution,"FoodTech, Grande consommation, Restauration"
kiloutou,Bâtiment / Travaux publics
comatch,Stratégie
ika-conseil,"Application mobile, IT / Digital"
botfuel,"Intelligence artificielle / Machine Learning, Logiciels"
rendement-locatif,"IT / Digital, Immobilier particulier"
mytroopers,Logistique
hosman,Immobilier particulier
mynotary,"Immobilier particulier, Logiciels"
nbs-system,"Cybersécurité, IT / Digital"
nouvelle-vague,"Digital, Marketing / Communication, Stratégie"
ippon,"IT / Digital, Logiciels, SaaS / Cloud Services"
christophe-robin,"Cosmétique, Luxe"
braineet,"IT / Digital, Organisation / Management, SaaS / Cloud Services"
windoo,"Logiciels, Services à la personne, Sport"
frichti,Restauration
lesfurets.com,E-commerce
walnut-algorithms,"FinTech / InsurTech, Finance, Intelligence artificielle / Machine Learning"
lepantalon,"E-commerce, Mode"
launchmetrics,"AdTech  / MarTech, Mode, SaaS / Cloud Services"
happydemics,"Big Data, Marketing / Communication, Publicité"
payplug,"E-commerce, FinTech / InsurTech"
hubside,Application mobile
universign,"Application mobile, SaaS / Cloud Services"
cocoworker,"Application mobile, Social / Associatif"
thinkovery,"EdTech, Formation, Ressources humaines"
fluo,"Application mobile, FinTech / InsurTech"
360-medics,"Application mobile, Santé"
ogilvy-consulting,"Stratégie, Transformation"
maison-sarah-lavoine,"Aménagement / Design, Architecture"
akoya,"Ressources humaines, Stratégie"
magic-makers,"Education, Formation, Logiciels"
quantmetry,"Big Data, Stratégie"
abilways,"Formation, Organisation / Management, Stratégie"
carventura,"Automobile, E-commerce, Économie collaborative"
back-market,"E-commerce, Environnement / Développement durable, Économie collaborative"
freelancerepublik,"Recrutement, Ressources humaines"
airsorted,Immobilier particulier
mericq,Grande consommation
popcarte,"Design, E-commerce"
one-conciergerie,"Application mobile, Organisation / Management, Services à la personne"
garantme,"FinTech / InsurTech, Immobilier particulier"
salesway,"Organisation / Management, Pharmaceutique / Biotechechnologique"
moveecar,"IT / Digital, Mobilité"
100m.io,"Application mobile, FinTech / InsurTech, Finance"
imcas,"Evénementiel, Relations publiques"
getpro,"Recrutement, Ressources humaines"
angarde,"Environnement / Développement durable, Mode"
julhiet-sterwen,"Organisation / Management, Stratégie"
station-w,"Immobilier commercial, Économie collaborative"
use-design,Stratégie
lekiosk,Application mobile
limonetik,FinTech / InsurTech
le-chocolat-des-français,"E-commerce, Epicerie fine"
document-store,"IT / Digital, Logiciels"
deliveroo,"Application mobile, E-commerce, FoodTech"
kalios,"Epicerie fine, Restauration"
neofacto-france,"Blockchain, IT / Digital, Transformation"
lush-|-france,Cosmétique
hellozack,"E-commerce, Electronique / Télécommunications, Environnement / Développement durable"
grenadines,"Immobilier commercial, Marketing / Communication"
lumapps,SaaS / Cloud Services
snark-factory,"Digital Marketing / Data Marketing, IT / Digital, Marketing / Communication"
data-soluce,"Big Data, Bâtiment / Travaux publics, SaaS / Cloud Services"
enderby,"Marketing / Communication, Stratégie"
stanley-robotics,Automobile
liveramp,Big Data
legos,"Electronique / Télécommunications, IT / Digital"
les-raffineurs,"Art de vivre, E-commerce, Mode"
smarthab,"Immobilier particulier, Objets connectés"
gymlib,"Santé, Sport"
nahimic,"Application mobile, Logiciels"
finance-3.1,"Audit, FinTech / InsurTech"
factory-aménagement,Architecture
france-active,"Banque, Environnement / Développement durable, Économie collaborative"
gresham-banque-privée,"Banque, Transaction Services"
sodexo-pass-france,Restauration
wistiki,"Application mobile, Objets connectés"
my-works,"Application mobile, Recrutement"
the-line,"Design, Distribution sélective, Loisirs"
strapi,"Logiciels, SaaS / Cloud Services"
colliers-international-france,"Bâtiment / Travaux publics, Immobilier commercial, Transaction Services"
csa-consulting,"Banque, Organisation / Management, Stratégie"
clevy,"IT / Digital, Organisation / Management"
scallog,"E-commerce, Logistique, Objets connectés"
école-m,Education
green-panda-games,"Application mobile, Jeux vidéos"
innovorder,"Application mobile, FoodTech, SaaS / Cloud Services"
zipjet,"Application mobile, E-commerce, Logistique, Services à la personne"
reezocar,"Automobile, E-commerce"
openip,"Electronique / Télécommunications, IT / Digital"
kamet,"Assurance, FinTech / InsurTech, SaaS / Cloud Services"
clareo,E-commerce
the-moneytizer,AdTech  / MarTech
drivy,"Application mobile, Automobile, Économie collaborative"
aodocs,"Logiciels, SaaS / Cloud Services"
testapic,Application mobile
tripica,"Electronique / Télécommunications, Energie, SaaS / Cloud Services"
planity,"Cosmétique, E-commerce"
diduenjoy,"Big Data, SaaS / Cloud Services"
la-banque-postale,"Banque, Finance"
myskillcamp,Education
pitchy,"Marketing / Communication, SaaS / Cloud Services"
cheerz,"Application mobile, Design, E-commerce"
forepaas,"Big Data, SaaS / Cloud Services"
reelevant,"AdTech  / MarTech, Big Data"
uavia,"Big Data, IT / Digital, Objets connectés"
officeriders,"Immobilier commercial, Économie collaborative"
tinubu-square,"Assurance, FinTech / InsurTech, SaaS / Cloud Services"
darewise-entertainment,Jeux vidéos
tilli,"Mode, Économie collaborative"
klox-entertainement,"Digital, Marketing / Communication, Musique, Sport"
smallable,E-commerce
202-ecommerce,"Digital, E-commerce"
ripple-motion,Application mobile
foodette,"E-commerce, Environnement / Développement durable, FoodTech"
orchestra,"Big Data, E-commerce, Logiciels, Tourisme"
nooz-optics,"Art de vivre, Santé"
artimon,"Digital Marketing / Data Marketing, Organisation / Management, Transformation"
wiremind,"Organisation / Management, Supply Chain"
angelsquare,"FinTech / InsurTech, Finance"
tiller-systems,"FoodTech, Logiciels, Restauration"
legalplace,"IT / Digital, Logiciels, Service juridique"
hello-watt,Energie
mobeye,"Application mobile, Grande consommation, Économie collaborative"
lalilo,"EdTech, Education"
vivei,Organisation / Management
d&consultants,"Audit, Stratégie, Transformation"
aigle,Mode
sofyne-active-technology,"Big Data, IT / Digital, Transformation"
affluences,"Application mobile, Objets connectés"
tequilarapido,"Digital, Marketing / Communication"
athena-advisers,"Immobilier commercial, Immobilier particulier"
shippeo,"Intelligence artificielle / Machine Learning, Logistique"
bcm-energy,"Energie, Environnement / Développement durable"
eric-bompard,"Luxe, Mode"
rezin,"Distribution sélective, E-commerce, Mode"
karismatik,IT / Digital
ebury,"FinTech / InsurTech, Transaction Services"
herve-sauzay-conseil---hsc,Evénementiel
labbe-laurelli,Stratégie
splio,"Digital Marketing / Data Marketing, IT / Digital, Marketing / Communication"
groupe-william-sinclair,"Organisation / Management, Ressources humaines"
kactus,"Evénementiel, IT / Digital, Tourisme"
jechange,"E-commerce, IT / Digital"
opngo,"Application mobile, Automobile, Mobilité"
jedha,"Education, Formation"
ealico,"Big Data, IT / Digital"
betc-digital,"Digital, E-commerce, Marketing / Communication"
petit-cube,"Art de vivre, E-commerce"
masteris,"Ferroviaire, Mobilité"
carambar&co,Grande consommation
société-générale,"Banque, Finance"
criteo,"AdTech  / MarTech, Big Data, Digital Marketing / Data Marketing"
globedreamers,"Relations publiques, Tourisme, Économie collaborative"
bleckwen,"Cybersécurité, FinTech / InsurTech, Intelligence artificielle / Machine Learning"
mad,"Luxe, Stratégie"
havas-group,"Digital, Marketing / Communication, Publicité"
wellcom,"Marketing / Communication, Relations publiques"
sicara,"Big Data, Digital"
katchme,"Organisation / Management, Recrutement"
weloop,Logiciels
dashlane,"Application mobile, Cybersécurité"
neoxia,"IT / Digital, Logiciels"
xperts-council,Stratégie
bobbies,"E-commerce, Mode"
vingtcinq---fabrique-digitale,"Digital, Digital Marketing / Data Marketing"
bpifrance-le-hub,"Banque, Evénementiel, Recrutement"
exotec-solutions,"Logistique, Objets connectés, Robotique"
balyo,"Logistique, Robotique"
horace,"Cosmétique, E-commerce"
yespark,"Application mobile, Économie collaborative"
axialys,"Electronique / Télécommunications, Logiciels"
chefing,"E-commerce, Evénementiel, FoodTech, Grande consommation, Restauration"
cg2-conseil,Transformation
claravista,"Big Data, Digital Marketing / Data Marketing, Intelligence artificielle / Machine Learning, Stratégie"
gitbook,"IT / Digital, Logiciels, SaaS / Cloud Services"
spectral,"EdTech, Formation, Logiciels"
en-voiture-simone,"Education, Formation"
efounders,"Accompagnement, Incubateur / Accélérateur"
nextdoor,Coworking
courcelles-conseil,Stratégie
wecasa,"Application mobile, Cosmétique, Services à la personne"
monemprunt.com,"Banque, FinTech / InsurTech, Immobilier particulier"
kisio-digital,"Big Data, Mobilité"
matador,"Marketing / Communication, Stratégie"
victor-&-charles,Big Data
sqreen,"Cybersécurité, IT / Digital"
fircosoft,"FinTech / InsurTech, Logiciels"
early-birds,"E-commerce, Logiciels"
dcbrain,"Big Data, Environnement / Développement durable, Intelligence artificielle / Machine Learning"
paylead,"Application mobile, FinTech / InsurTech, Marketing / Communication"
history-group,"Luxe, Musées / Institutions culturelles, Tourisme"
libheros,"SaaS / Cloud Services, Santé, Services à la personne"
axionable,"Big Data, Digital Marketing / Data Marketing, Intelligence artificielle / Machine Learning"
tenzing-conseil,Stratégie
auditoire,"Design, Evénementiel, Publicité, Stratégie"
theodo,"Digital, IT / Digital"
speaking-agency,"Education, Formation"
xebia,"Audit, IT / Digital"
dodow,"Art de vivre, Grande distribution, Santé"
tie-rack,"E-commerce, Mode"
jems,"Big Data, Digital Marketing / Data Marketing, Transformation"
sassy,Boissons
bam,Application mobile
hipay,"E-commerce, FinTech / InsurTech"
myflexoffice,Immobilier commercial
sopra-steria,Organisation / Management
expertime,"E-commerce, IT / Digital"
groupe-upward,"Big Data, Recrutement, Stratégie"
balinea,"Application mobile, E-commerce"
beekast,"Education, IT / Digital, Organisation / Management"
intellicast,"IT / Digital, Marketing / Communication"
potager-city,"E-commerce, Environnement / Développement durable, FoodTech"
kwerk,"Coworking, Économie collaborative"
manutan,E-commerce
advalo,"Big Data, Marketing / Communication, SaaS / Cloud Services"
talkspirit,"Logiciels, SaaS / Cloud Services"
zepresenters,"Marketing / Communication, Stratégie"
beendhi,Grande consommation
meilleursagents,"Application mobile, Immobilier particulier, Logiciels"
gameloft,Jeux vidéos
junot,"Immobilier commercial, Immobilier particulier"
coorpacademy,EdTech
prochaine-escale,"Ressources humaines, Tourisme"
slidor,"Design, Digital"
meltwater,"Digital, IT / Digital, Marketing / Communication"
nutri&co,"Art de vivre, E-commerce, FoodTech, Grande consommation, Santé"
choosemycompany,"Média, Organisation / Management, Recrutement"
nannybag,"Application mobile, Hôtellerie, Tourisme"
linkt,"Electronique / Télécommunications, IT / Digital"
hypios-ci,Intelligence artificielle / Machine Learning
adie,"Services à la personne, Social / Associatif"
studio-71,"Marketing / Communication, Média"
csn-energy,"Energie, SaaS / Cloud Services"
bonitasoft,Digital
kartable,"EdTech, Education, Formation"
tiime,"Application mobile, Organisation / Management"
blendy-by-cogesten-(bbyc),"Audit, Banque, Organisation / Management"
talan-labs,"Big Data, IT / Digital, Intelligence artificielle / Machine Learning"
paybyphone,"Application mobile, Mobilité"
dolead,"IT / Digital, Publicité"
notify,"AdTech  / MarTech, Big Data"
gitguardian,Cybersécurité
onedirect,"Distribution sélective, E-commerce"
virtuo,"Application mobile, Automobile, Mobilité"
startup-palace,"Organisation / Management, Stratégie, Transformation"
spareka,E-commerce
adomik,"Marketing / Communication, SaaS / Cloud Services"
yce-partners,"Organisation / Management, Transformation"
wesharebonds,FinTech / InsurTech
andjaro,"Recrutement, SaaS / Cloud Services"
palais-des-thés,"Boissons, Epicerie fine"
wizville,SaaS / Cloud Services
quorum,"Application mobile, Relations publiques"
lehibou,IT / Digital
papernest,"E-commerce, Logiciels"
cogitax,Transaction Services
frizbiz,"Services à la personne, Économie collaborative"
vialink,"Intelligence artificielle / Machine Learning, Logiciels"
groupe-buffon,"Distribution sélective, FoodTech"
instant-system,"Application mobile, Mobilité"
lafayette-plug-and-play,"Incubateur / Accélérateur, Mode"
hello-syndic,Immobilier particulier
gocater,"E-commerce, FoodTech"
listo,"Big Data, Recrutement, SaaS / Cloud Services"
ubeeqo,"Application mobile, Mobilité"
smart-tribune,"Digital, Digital Marketing / Data Marketing, SaaS / Cloud Services"
sensiogrey,"Application mobile, Marketing / Communication, Stratégie"
baltic-watches,"E-commerce, Luxe, Mode"
frequent-flyer-travel-paris,"Mobilité, Tourisme"
mon-maître-carré,"Aménagement / Design, Architecture, SaaS / Cloud Services"
padoa,"Application mobile, Santé"
business-table,FoodTech
simplis-partenaire-de-auto-entrepreneur.fr,FinTech / InsurTech
idomed,"Objets connectés, Santé, Services à la personne"
club-freelance,"IT / Digital, Transformation"
potloc-france,"AdTech  / MarTech, Digital Marketing / Data Marketing"
contentsquare,SaaS / Cloud Services
bapbap,Boissons
dear-muesli,"E-commerce, Epicerie fine, Grande consommation"
qwant,Big Data
sales-lab-france,"Immobilier commercial, Organisation / Management, Publicité, Tourisme"
codingame,"Formation, Jeux vidéos, Logiciels"
lucile-woodward-sas,"Santé, Sport"
livementor,"E-commerce, EdTech, Logiciels"
easyteam,"IT / Digital, Stratégie, Transformation"
feed,"E-commerce, FoodTech"
ekimetrics,"Big Data, IT / Digital"
yoomap,"Logiciels, Stratégie"
very-up,"Big Data, Education, Formation"
perfectstay,"Hôtellerie, Tourisme"
nuxeo,Logiciels
shift-technology,"FinTech / InsurTech, Intelligence artificielle / Machine Learning"
sfeir,Logiciels
dayuse.com,Tourisme
buzz-brothers,Marketing / Communication
keyopstech,"Application mobile, Logistique"
chefclub,"Application mobile, Grande consommation, Télévision / Production audiovisuelle"
eurécia,"Logiciels, Ressources humaines, SaaS / Cloud Services"
dental-monitoring,"Application mobile, Intelligence artificielle / Machine Learning, Santé"
viva-technology,Evénementiel
verteego,"Big Data, Intelligence artificielle / Machine Learning, Logiciels"
iziwork,"Application mobile, Recrutement"
jc-armand-et-associes,Audit
cowork.io,"Coworking, Objets connectés, SaaS / Cloud Services"
cartesia-éducation,"Education, Formation"
urban-campus,"Coworking, Immobilier commercial"
l-commerce-–-mouvement-e.leclerc,"E-commerce, Grande distribution"
kwyk,"EdTech, Education"
pap,"Application mobile, Immobilier particulier, Média"
karos,"Application mobile, Mobilité, Économie collaborative"
dispatcher,"Application mobile, Big Data, Bâtiment / Travaux publics, Objets connectés"
bynativ,"Loisirs, Tourisme"
equinimo,Immobilier particulier
tracktor,"Bâtiment / Travaux publics, E-commerce, Logistique"
qualifio,"AdTech  / MarTech, Big Data"
les-talents-d'alphonse,"Services à la personne, Social / Associatif, Économie collaborative"
edf,Energie
rhythmone,"AdTech  / MarTech, Big Data, SaaS / Cloud Services"
aptiskills,"Bâtiment / Travaux publics, Organisation / Management"
unique-heritage-media,"Application mobile, Education, Média"
front,SaaS / Cloud Services
flatsy,"Immobilier commercial, Immobilier particulier, SaaS / Cloud Services"
teaminside,Recrutement
ignitionone,"Big Data, IT / Digital"
club-identicar,"Automobile, E-commerce"
easyrecrue,"Recrutement, SaaS / Cloud Services"
jarvis-legal,"SaaS / Cloud Services, Service juridique"
lafourchette,"Application mobile, FoodTech, Tourisme"
yuco,"IT / Digital, Organisation / Management, Ressources humaines"
eldorado.co,"Accompagnement, Finance, IT / Digital"
delidrinks,"Boissons, E-commerce"
vo2-group,"IT / Digital, Transformation"
ekino,"IT / Digital, Transformation"
student-pop,"Application mobile, Recrutement"
work4,Recrutement
les-nouveaux-héritiers,"Recrutement, Ressources humaines, Stratégie"
ironhack-france,"EdTech, Formation"
ornikar,"Education, IT / Digital"
freebox,"Electronique / Télécommunications, Logistique"
reachfive,"Cybersécurité, SaaS / Cloud Services"
dorothy-danahy,Recrutement
tracktl,"Application mobile, Musique"
helloasso,Économie collaborative
bergamotte,"Art de vivre, E-commerce"
prestigious,"Formation, Immobilier particulier, Luxe, Tourisme"
fugu,"Architecture, Design, Marketing / Communication"
smartrenting,"Immobilier particulier, Tourisme, Économie collaborative"
ozitem,"IT / Digital, SaaS / Cloud Services"
green-big,"Environnement / Développement durable, Objets connectés"
geo-plc,"Environnement / Développement durable, Transformation"
digitools.io,"Digital, Digital Marketing / Data Marketing"
snapevent,"Evénementiel, SaaS / Cloud Services"
diabolocom,Logiciels
groupe-carrus,"Logiciels, Loisirs, Objets connectés"
mon-avocat.fr,"IT / Digital, Service juridique"
c-ways,"Digital Marketing / Data Marketing, Stratégie"
xange,Finance
insiti,"Environnement / Développement durable, Immobilier commercial, Économie collaborative"
qare,"Application mobile, SaaS / Cloud Services, Santé"
crème-de-la-crème,"E-commerce, IT / Digital, Organisation / Management"
spintank,"Digital, Digital Marketing / Data Marketing, Marketing / Communication"
jump,"FinTech / InsurTech, IT / Digital"
biomodex,"Logiciels, Santé"
itnovem,"Big Data, Objets connectés"
médecindirect,"Application mobile, Santé, Services à la personne"
payintech,"FinTech / InsurTech, Loisirs, Objets connectés"
alchimie,"Média, Télévision / Production audiovisuelle"
marie-antoinette-groupe,"Marketing / Communication, Relations publiques, Stratégie"
koober,"Application mobile, Edition, Formation"
thetribe,"IT / Digital, Stratégie"
nova-consulting,"Musées / Institutions culturelles, Sport, Stratégie"
greenflex,Environnement / Développement durable
sia-partners,"IT / Digital, Intelligence artificielle / Machine Learning"
certideal,"E-commerce, Electronique / Télécommunications, Économie collaborative"
shotgun,"Application mobile, E-commerce, Musique"
armis,"Big Data, Intelligence artificielle / Machine Learning, Publicité"
flatlooker,"Digital, Immobilier commercial"
commanders-act,"Application mobile, E-commerce"
aubay,IT / Digital
viareport,"FinTech / InsurTech, Logiciels, Stratégie"
yoss,Recrutement
five-by-five,"Digital Marketing / Data Marketing, Formation"
side,"Application mobile, Recrutement"
aos,"Bâtiment / Travaux publics, SaaS / Cloud Services"
transatel,"Electronique / Télécommunications, Objets connectés"
ikentoo,"Application mobile, Big Data, FoodTech"
simprom,Immobilier commercial
cybelangel,Big Data
ipsos,"Big Data, Marketing / Communication, Stratégie"
sentry-software,Logiciels
yuka,"Application mobile, FoodTech, Grande consommation"
oyst,E-commerce
brigad,"Application mobile, Recrutement"
diji,"Application mobile, Design, Transformation"
oresys,Organisation / Management
yubo,Application mobile
&-other-stories,"Art de vivre, Mode"
groupe-ares,"Associations sociales et syndicales, Recrutement, Ressources humaines"
keley-consulting,"Big Data, IT / Digital, Objets connectés"
natixis,"Assurance, Banque, Transformation"
la-thé-box,"E-commerce, Epicerie fine, FoodTech"
modulotech,"Application mobile, IT / Digital, Objets connectés"
ooreka,"IT / Digital, Média"
3w-academy,"Education, Formation"
liana-technologies,"IT / Digital, SaaS / Cloud Services, Stratégie"
expert-teleportation,Objets connectés
sellsy,SaaS / Cloud Services
meilleurtaux.com,"E-commerce, FinTech / InsurTech, Immobilier commercial, Immobilier particulier"
mybestpro,"SaaS / Cloud Services, Économie collaborative"
la-relève,Recrutement
médiamétrie,"Big Data, Média"
study-advisor,"Application mobile, Education, Formation"
wagram-&-vous,"Evénementiel, Loisirs, Marketing / Communication"
listen-too,"Design, Transformation"
merito,"Grande distribution, Mode, Recrutement"
forest-admin,"IT / Digital, SaaS / Cloud Services"
vod-factory,"Cinéma, Télévision / Production audiovisuelle"
white-bird,"Joaillerie, Luxe"
javelo,SaaS / Cloud Services
the-plum-guide,"Immobilier particulier, Luxe, Tourisme"
groupe-cerise,"Digital, Média"
blablacar,"Application mobile, Mobilité, Économie collaborative"
eurogroup-consulting,"Organisation / Management, Stratégie"
wildesk,"Art de vivre, E-commerce, Epicerie fine"
sentryo,Objets connectés
tictactrip,"Big Data, Mobilité, Tourisme"
homepilot,Immobilier particulier
allo-media,Intelligence artificielle / Machine Learning
witivio,SaaS / Cloud Services
ledger,"Blockchain, Cybersécurité, FinTech / InsurTech"
timeone,"Digital, Marketing / Communication"
pricing-assistant,"Big Data, E-commerce, Stratégie"
la-capsule,Formation
happytech,Social / Associatif
en-marche-!,"Formation, Média, Publicité"
minutebuzz,"Digital, Média"
sqli,"Digital, Digital Marketing / Data Marketing"
ariadnext,"Application mobile, Cybersécurité, SaaS / Cloud Services"
bidmotion,"Application mobile, Big Data, IT / Digital"
gens-de-confiance,Économie collaborative
lbf---la-brasserie-fondamentale,"Boissons, E-commerce"
boxtal,"E-commerce, Logistique"
gest4u,FinTech / InsurTech
afrimarket,E-commerce
parrot,"Objets connectés, Robotique"
learnenjoy,"Application mobile, Education, Services à la personne"
agence-france-presse,Média
ekim,FoodTech
medgo,"Application mobile, Recrutement, Santé"
les-coqs-en-pâte,"Evénementiel, Jeux vidéos"
id&al-groupe,"Immobilier commercial, Immobilier particulier"
altim-france,"Logiciels, Transformation"
younited-credit,"FinTech / InsurTech, Économie collaborative"
eelway,"Application mobile, Loisirs, Économie collaborative"
petit-picotin,"Design, E-commerce, Mode"
etoffe.com,"Aménagement / Design, E-commerce, Luxe"
my-jolie-candle,"Art de vivre, E-commerce"
selectra,"Grande distribution, SaaS / Cloud Services"
illicopro,"Immobilier particulier, SaaS / Cloud Services"
technology-everywhere,"Application mobile, IT / Digital, Logiciels"
novaquark,Jeux vidéos
metron,"Big Data, Environnement / Développement durable, Objets connectés, Stratégie"
luckey,"Hôtellerie, Immobilier particulier"
fabernovel-stories,"Digital Marketing / Data Marketing, Marketing / Communication, Stratégie"
explore-media,Média
disneyland®-paris,"Cinéma, Loisirs, Tourisme"
synomia,"Big Data, Intelligence artificielle / Machine Learning, Transformation"
beam-advisory,"Organisation / Management, Stratégie"
clustree,"Intelligence artificielle / Machine Learning, Recrutement"
urbantz,"Logiciels, Logistique"
carte-blanche-partenaires,Santé
the-chatbot-factory,Intelligence artificielle / Machine Learning
incubateur-hec,"Accompagnement, Formation, Incubateur / Accélérateur"
5eme-gauche,"Digital, Marketing / Communication, Publicité"
lunchr,"Application mobile, FoodTech, Restauration"
salecycle,"AdTech  / MarTech, Big Data, E-commerce"
kiplin,"Objets connectés, Santé"
karnott,"Agroalimentaire, Objets connectés"
plüm-énergie,"Energie, Environnement / Développement durable"
cotton-bird,Art de vivre
leroy-merlin,"E-commerce, Grande distribution"
steerfox,"AdTech  / MarTech, Audit"
actusite,"Design, Marketing / Communication"
ici,"Digital Marketing / Data Marketing, Transformation"
the-kooples,"Luxe, Mode"
happytal,"Santé, Services à la personne"
easiware,Logiciels
jam,"Digital, EdTech, Média"
emma-matelas,E-commerce
the-other-store,"Digital, E-commerce, Marketing / Communication"
raise,"Finance, Stratégie"
quitoque,"E-commerce, Environnement / Développement durable, Restauration"
goodeed,"Social / Associatif, Économie collaborative"
quartus,"Immobilier commercial, Immobilier particulier"
arago-consulting,"Audit, Transaction Services"
health-for-people,"Education, Santé"
xendera,"Application mobile, Santé, Sport"
netheos,IT / Digital
yseop,"Intelligence artificielle / Machine Learning, Logiciels"
scibids,"AdTech  / MarTech, Big Data"
habx,Immobilier particulier
datadog,Big Data
cider,"Aménagement / Design, Immobilier commercial, Transformation"
effilab,"AdTech  / MarTech, Big Data"
esv-digital,"Big Data, Digital Marketing / Data Marketing, Stratégie"
big,"Boissons, Grande consommation"
agricool,FoodTech
hector-advisory,"Organisation / Management, Stratégie, Transformation"
pricemoov,"Big Data, SaaS / Cloud Services"
pandascore,"Big Data, Intelligence artificielle / Machine Learning"
vidata,"Big Data, IT / Digital"
starofservice,E-commerce
r-advertising,"Big Data, Digital Marketing / Data Marketing, Marketing / Communication"
thecamp,"Environnement / Développement durable, Formation, Incubateur / Accélérateur"
atelier-na,"Luxe, Mode"
xivo-by-avencall,Electronique / Télécommunications
skyreal,"Electronique / Télécommunications, Intelligence artificielle / Machine Learning, SaaS / Cloud Services"
panorabanques,"Banque, Marketing / Communication"
meero,"Intelligence artificielle / Machine Learning, Logiciels"
xelya,Intelligence artificielle / Machine Learning
percko,"Mode, Objets connectés"
rise-up,EdTech
livestorm,IT / Digital
all-turtles,"Intelligence artificielle / Machine Learning, Logiciels"
hubvisory,"Design, Digital, Digital Marketing / Data Marketing, IT / Digital, Stratégie"
liberkeys,Immobilier particulier
opal-consulting,"Digital Marketing / Data Marketing, IT / Digital, Transformation"
kaliop-france,"Digital, E-commerce, Stratégie"
colonies,Immobilier particulier
everoad,"Application mobile, Logistique, Transports maritime et routier"
textmaster,Marketing / Communication
appaloosa,"Application mobile, SaaS / Cloud Services"
datadome,"Big Data, Cybersécurité, SaaS / Cloud Services"
bcg-platinion,IT / Digital
sos-accessoire,E-commerce
lõu.yetu,"E-commerce, Joaillerie"
little-gustave,"E-commerce, FoodTech"
noveane,"IT / Digital, Stratégie, Transformation"
arcep,"Electronique / Télécommunications, IT / Digital, Objets connectés"
vulog,"Mobilité, SaaS / Cloud Services, Économie collaborative"
startup-factory,"Digital Marketing / Data Marketing, Organisation / Management, Stratégie"
warner-music-france,"Edition, Musique, Télévision / Production audiovisuelle"
genius,"Digital Marketing / Data Marketing, Recrutement"
revers.io,"Logistique, SaaS / Cloud Services"
agence-black-lemon,"Evénementiel, Luxe, Marketing / Communication"
adveris,"Design, E-commerce"
alain-milliat,Epicerie fine
scalair,SaaS / Cloud Services
softbank-robotics-europe,"Objets connectés, Robotique"
lamarck-group,"Stratégie, Transaction Services"
clearnox,"FinTech / InsurTech, SaaS / Cloud Services"
prevision.io,"Big Data, IT / Digital, Intelligence artificielle / Machine Learning"
beijaflore,Transformation
unowhy,"EdTech, IT / Digital, Objets connectés"
créactifs,"Formation, Transformation"
cdiscount,E-commerce
cheil-france,"E-commerce, Marketing / Communication, Organisation / Management"
bluenove,"Intelligence artificielle / Machine Learning, Transformation"
sirdata,"AdTech  / MarTech, Digital"
oh-bibi,Jeux vidéos
kang,Économie collaborative
legalife,"Logiciels, Service juridique"
colisweb,"Application mobile, Logistique"
blueboard,SaaS / Cloud Services
manzalab-group,"Application mobile, Design, IT / Digital"
institut-montaigne,"Education, Fondation / ONG, Social / Associatif"
team-io,"Design, Logiciels, Objets connectés"
concord,Organisation / Management
consensys,"Blockchain, Stratégie"
skello,"Application mobile, FoodTech, Organisation / Management"
deskopolitan,"Immobilier commercial, Économie collaborative"
peopledoc,"Ressources humaines, SaaS / Cloud Services"
the-brand-nation,"Digital, Marketing / Communication, Publicité"
citygo,"Application mobile, Mobilité, Économie collaborative"
mygladys,"IT / Digital, SaaS / Cloud Services"
wedoogift,"Application mobile, E-commerce"
neosight,IT / Digital
nivac,"Education, IT / Digital"
dupont-lewis,"Agroalimentaire, Marketing / Communication, Relations publiques"
pathfinder,"Incubateur / Accélérateur, Organisation / Management, Stratégie"
e-cotiz,"E-commerce, Social / Associatif, Sport"
yelloan,"Banque, FinTech / InsurTech, IT / Digital"
backelite,IT / Digital
homunity,"FinTech / InsurTech, Immobilier particulier, Économie collaborative"
starclay,"Big Data, Digital Marketing / Data Marketing, IT / Digital"
letsignit,"Digital, Marketing / Communication"
vertuo-conseil,"Banque, Finance, Organisation / Management"
nelio,"Application mobile, FoodTech"
landor,"Design, Publicité, Stratégie"
rte,Energie
abbd,Audit
euro-information-telecom,Electronique / Télécommunications
tilak-healthcare,"Application mobile, Jeux vidéos, Santé"
intercloud,SaaS / Cloud Services
expedicar,"Automobile, Logistique, Mobilité"
balthazar,"Organisation / Management, Stratégie, Transformation"
seequalis,"IT / Digital, Organisation / Management"
coyote,"Application mobile, Objets connectés"
early-metrics,Finance
upslide,Logiciels
daveo,"Organisation / Management, Stratégie, Transformation"
ing-bank,Banque
testpass,"Publicité, Sport"
lucette.com,Cosmétique
izipizi,"E-commerce, Mode"
appear-here,"Immobilier commercial, Économie collaborative"
greenworking,"Organisation / Management, Stratégie"
melvin-&-hamilton-digital,"E-commerce, Mode"
kynapse,"Intelligence artificielle / Machine Learning, Stratégie, Transformation"
lbmg-worklabs,"Aménagement / Design, Coworking, Organisation / Management"
switch-collective,"Formation, Organisation / Management, Ressources humaines"
leoo,"Big Data, Digital Marketing / Data Marketing, Marketing / Communication"
nam.r,Big Data
the-kase,E-commerce
leboncoin,"E-commerce, Économie collaborative"
merci-handy,Art de vivre
vestiaire-collective,"E-commerce, Luxe, Mode"
tshirt-corner,"E-commerce, Mode"
wellstone,"Immobilier commercial, Stratégie"
cirruseo,"Application mobile, IT / Digital, SaaS / Cloud Services"
placeloop,"Marketing / Communication, Publicité, SaaS / Cloud Services"
touch-&-sell,Application mobile
baracoda,"Application mobile, Cybersécurité, Objets connectés, Santé"
uptoo,Recrutement
syartec,"IT / Digital, Logistique"
monsieur-tshirt,"E-commerce, Mode, Publicité"
guestready,"Immobilier particulier, Économie collaborative"
la-javaness,"Intelligence artificielle / Machine Learning, Logiciels"
groupe-seloger,"Application mobile, Immobilier particulier"
fortuneo,"Application mobile, Banque"
axys-consultants,"Digital Marketing / Data Marketing, Stratégie, Transformation"
odw,"Digital, Marketing / Communication, Média, Publicité"
change-factory,"Formation, Organisation / Management, Ressources humaines"
sosav,"E-commerce, Environnement / Développement durable, IT / Digital"
onepoint,"Organisation / Management, Stratégie, Transformation"
glovo,"Application mobile, E-commerce"
oyez,"E-commerce, IT / Digital"
wavy,"Application mobile, Art de vivre, Logiciels"
drive-innovation-insights,"Evénementiel, Publicité, Transformation"
wiztivi,"Electronique / Télécommunications, IT / Digital"
quinten,"Big Data, Digital Marketing / Data Marketing, Stratégie"
hivency,"Application mobile, Média, Publicité"
samson-sur-mesure,"Luxe, Mode"
dronisos,Objets connectés
fabernovel-innovate,"Digital, Stratégie"
revevol-group,"Big Data, IT / Digital, SaaS / Cloud Services"
neoledge,"Intelligence artificielle / Machine Learning, Logiciels, SaaS / Cloud Services"
pied-de-biche---paris,"E-commerce, Mode"
hubworkair,"Aéronautique / Spatiale, Logiciels, Recrutement"
liegey-muller-pons,"Big Data, Marketing / Communication, SaaS / Cloud Services"
unow,"Education, Formation, Marketing / Communication"
remix-community,"Coworking, Immobilier commercial"
luxurynsight,"Big Data, Luxe"
user-studio,Design
artefact,"Digital Marketing / Data Marketing, Intelligence artificielle / Machine Learning"
smiirl,Objets connectés
uptime,"Immobilier particulier, Objets connectés"
alterfood,"Environnement / Développement durable, Epicerie fine, Grande consommation"
demander-justice,"IT / Digital, SaaS / Cloud Services, Service juridique"
allegorithmic---an-adobe-company,"Jeux vidéos, Loisirs"
softway-medical,"Logiciels, Santé"
synthesio,Big Data
nextories-(anciennement-i-demenager),"E-commerce, Logistique, Services à la personne"
newsbridge-,"Big Data, Intelligence artificielle / Machine Learning, Média"
belacom,"Digital, Marketing / Communication, Publicité"
gympass,Sport
marketing-1by1,"Big Data, Marketing / Communication"
pangee,"IT / Digital, Objets connectés"
yoopies,Économie collaborative
des-systèmes-et-des-hommes,"Application mobile, Big Data, IT / Digital"
lemon-tri,"Environnement / Développement durable, Économie collaborative"
sculpteo,"Design, E-commerce, SaaS / Cloud Services"
cosmo-connected,Objets connectés
digeiz,"Immobilier commercial, Intelligence artificielle / Machine Learning, SaaS / Cloud Services"
sewan,"Electronique / Télécommunications, IT / Digital"
hospitality.digital,FoodTech
cubik-partners,"Formation, Organisation / Management"
ibanfirst,FinTech / InsurTech
arcane,"AdTech  / MarTech, Big Data"
onewealthplace,"Big Data, FinTech / InsurTech, IT / Digital"
high-flyers-agency,"Organisation / Management, Recrutement, Stratégie"
playgrnd,"Design, Stratégie"
oneida-associés,Transformation
crafty,Organisation / Management
baybridgedigital,"Design, Stratégie, Transformation"
avisia,"Big Data, IT / Digital"
zoov,"Environnement / Développement durable, Objets connectés, Économie collaborative"
abbeal,"IT / Digital, Incubateur / Accélérateur"
liligo.com,"Mobilité, Tourisme"
change-the-work,"Presse écrite, Économie collaborative"
novexpert,"Cosmétique, Santé"
fitle,"Application mobile, E-commerce"
le-petit-ballon,"Boissons, E-commerce"
credit.fr,FinTech / InsurTech
paris-zigzag,"Média, Tourisme"
bnp-paribas,Banque
wemanity,"Formation, Organisation / Management"
thiga,"Digital, Digital Marketing / Data Marketing"
glory4gamers,"Jeux vidéos, Média, Sport"
wedr,"Digital Marketing / Data Marketing, IT / Digital, Organisation / Management, Stratégie"
little-worker,"Bâtiment / Travaux publics, Immobilier particulier, Logiciels"
addock,"Loisirs, Tourisme"
quable,"Digital Marketing / Data Marketing, SaaS / Cloud Services"
lalalab,"Application mobile, E-commerce"
indigen,"Digital, IT / Digital"
bam-karaoke-box,"Edition, Média, Tourisme"
kowffice,Immobilier commercial
